Model,Val_Accuracy,Val_F1,Val_ROC_AUC,Test_Accuracy,Test_F1
TF-IDF + LogReg,0.6453333333333333,0.5905172413793104,0.6995741373003292,-,-
Zero-Shot SBERT,0.7702666666666667,0.7370669922173051,0.8656285437751495,-,-
LightGBM (Hybrid),0.6813333333333333,0.24700693131695023,0.9126910209120839,-,-
XGBoost (Hybrid),0.6862666666666667,0.26720647773279355,0.6739280270698694,-,-
Random Forest (Hybrid),0.6865333333333333,0.2682850918145036,0.9041359285452993,-,-
Gradient Boosting (Hybrid),0.6862666666666667,0.2676626206037971,0.5107801258992806,-,-
Logistic Reg (Hybrid),0.7204,0.40611724723874254,0.8561875838312402,-,-
🏆 Stacking Ensemble,0.7988,0.6711701895837873,0.9109482075356664,0.7995,0.6725
