epoch,steps,cosine_pearson,cosine_spearman
1.0,2188,0.6772788987553785,0.672289778618106
2.0,4376,0.6815233217639636,0.6725084540991695
3.0,6564,0.6847975540854803,0.6755084521809318
